greek	pos	forms	ru	note
το ψυγείο	сущ	мн. τα ψυγεία	холодильник	
ο φούρνος	сущ	мн. οι φούρνοι	духовка; пекарня	«пекарня» — модуль 10
το πλυντήριο	сущ	мн. τα πλυντήρια	стиральная машина	
το κλιματιστικό	сущ	мн. τα κλιματιστικά	кондиционер	
το κλειδί	сущ	мн. τα κλειδιά	ключ	
το χρώμα	сущ	мн. τα χρώματα	цвет; краска	
άσπρος	прил	άσπρος, άσπρη, άσπρο	белый	
μαύρος	прил	μαύρος, μαύρη, μαύρο	чёрный	
κόκκινος	прил	κόκκινος, κόκκινη, κόκκινο	красный	
πράσινος	прил	πράσινος, πράσινη, πράσινο	зелёный	
κίτρινος	прил	κίτρινος, κίτρινη, κίτρινο	жёлтый	
μπλε	прил	μπλε, μπλε, μπλε	синий	несклоняемое
μεγάλος	прил	μεγάλος, μεγάλη, μεγάλο	большой	
μικρός	прил	μικρός, μικρή, μικρό	маленький	
καινούργιος	прил	καινούργιος, καινούργια, καινούργιο	новый	также καινούριος
παλιός	прил	παλιός, παλιά, παλιό	старый (о вещах)	
καλός	прил	καλός, καλή, καλό	хороший	
ωραίος	прил	ωραίος, ωραία, ωραίο	красивый, хороший	
άσχημος	прил	άσχημος, άσχημη, άσχημο	некрасивый, плохой	
ακριβός	прил	ακριβός, ακριβή, ακριβό	дорогой	
φτηνός	прил	φτηνός, φτηνή, φτηνό	дешёвый	
καθαρός	прил	καθαρός, καθαρή, καθαρό	чистый	
βρώμικος	прил	βρώμικος, βρώμικη, βρώμικο	грязный	также βρόμικος
χαλασμένος	прил	χαλασμένος, χαλασμένη, χαλασμένο	сломанный, неисправный	о еде — испорченный
εκείνος	мест	εκείνος, εκείνη, εκείνο	тот	
δικός	мест	δικός, δική, δικό	свой; чей-то собственный	δικός μου — мой: είναι δικό μου
ποιανού	мест	—	чей?	ποιανού είναι; о ж. р. — ποιανής
το κρεβάτι	сущ	мн. τα κρεβάτια	кровать	
ο καναπές	сущ	мн. οι καναπέδες	диван	
η καρέκλα	сущ	мн. οι καρέκλες	стул	
η ντουλάπα	сущ	мн. οι ντουλάπες	шкаф (платяной)	
το μπαλκόνι	сущ	мн. τα μπαλκόνια	балкон	
το ξυπνητήρι	сущ	мн. τα ξυπνητήρια	будильник	
καθαρίζω	глаг	аор. καθάρισα; буд. θα καθαρίσω	убирать, чистить	
το ντους	сущ	мн. τα ντους	душ	несклоняемое; κάνω ντους
Τι χρώμα είναι;	фраза	—	Какого это цвета?	
Ποιανού είναι αυτό το κλειδί;	фраза	—	Чей это ключ?	
Είναι δικό μου.	фраза	—	Это моё.	
Πού είναι τα κλειδιά μου;	фраза	—	Где мои ключи?	
Είναι πάνω στο τραπέζι.	фраза	—	Они на столе.	
Πώς είναι το δωμάτιό σου;	фраза	—	Какая у тебя комната?	
Το δωμάτιό μου είναι μικρό αλλά ωραίο.	фраза	—	Моя комната маленькая, но красивая.	
Είναι καινούργιο ή παλιό;	фраза	—	Это новое или старое?	
Το πλυντήριο δεν δουλεύει.	фраза	—	Стиральная машина не работает.	
Αυτό είναι πολύ ακριβό.	фраза	—	Это очень дорого.	
Πωλείται ψυγείο σε καλή κατάσταση.	фраза	—	Продаётся холодильник в хорошем состоянии.	формула объявления
Θέλω έναν μεγάλο καναπέ για το σαλόνι.	фраза	—	Я хочу большой диван для гостиной.	
